agg_level_pseo,inst_level,institution,degree_level,cip_level,cipcode,grad_cohort,grad_cohort_years,geo_level,geography,ind_level,industry,y1_grads_emp,y1_grads_emp_instate,y5_grads_emp,y5_grads_emp_instate,y10_grads_emp,y10_grads_emp_instate,y1_grads_nme,y5_grads_nme,y10_grads_nme,status_y1_grads_emp,status_y1_grads_emp_instate,status_y5_grads_emp,status_y5_grads_emp_instate,status_y10_grads_emp,status_y10_grads_emp_instate,status_y1_grads_nme,status_y5_grads_nme,status_y10_grads_nme
44,I,00297600,05,A,00,2016,3,N,00,A,00,6585,5611,7503,5883,,,2874,2105,,1,1,1,1,-1,-1,1,1,-1
46,I,00297600,05,2,05,2016,3,N,00,A,00,69,40,38,37,,,27,25,,1,1,1,1,-1,-1,1,1,-1
46,I,00297600,05,2,09,2016,3,N,00,A,00,332,289,389,281,,,174,128,,1,1,1,1,-1,-1,1,1,-1
46,I,00297600,05,2,11,2016,3,N,00,A,00,426,383,463,378,,,97,95,,1,1,1,1,-1,-1,1,1,-1
46,I,00297600,05,2,13,2016,3,N,00,A,00,527,436,456,380,,,73,96,,1,1,1,1,-1,-1,1,1,-1
46,I,00297600,05,2,16,2016,3,N,00,A,00,77,66,109,86,,,66,36,,1,1,1,1,-1,-1,1,1,-1
46,I,00297600,05,2,19,2016,3,N,00,A,00,446,374,476,368,,,147,122,,1,1,1,1,-1,-1,1,1,-1
46,I,00297600,05,2,23,2016,3,N,00,A,00,158,117,181,133,,,95,63,,1,1,1,1,-1,-1,1,1,-1
46,I,00297600,05,2,24,2016,3,N,00,A,00,240,206,266,217,,,158,114,,1,1,1,1,-1,-1,1,1,-1
46,I,00297600,05,2,26,2016,3,N,00,A,00,384,338,385,306,,,192,170,,1,1,1,1,-1,-1,1,1,-1
46,I,00297600,05,2,27,2016,3,N,00,A,00,,,,,,,,,,5,5,5,5,-1,-1,5,5,-1
46,I,00297600,05,2,30,2016,3,N,00,A,00,137,105,176,114,,,76,46,,1,1,1,1,-1,-1,1,1,-1
46,I,00297600,05,2,31,2016,3,N,00,A,00,434,395,545,462,,,253,156,,1,1,1,1,-1,-1,1,1,-1
46,I,00297600,05,2,38,2016,3,N,00,A,00,,,,,,,,,,5,5,5,5,-1,-1,5,5,-1
46,I,00297600,05,2,40,2016,3,N,00,A,00,,,83,30,,,,14,,5,5,1,1,-1,-1,5,1,-1
46,I,00297600,05,2,42,2016,3,N,00,A,00,295,264,356,305,,,205,136,,1,1,1,1,-1,-1,1,1,-1
46,I,00297600,05,2,44,2016,3,N,00,A,00,153,147,229,189,,,87,49,,1,1,1,1,-1,-1,1,1,-1
46,I,00297600,05,2,45,2016,3,N,00,A,00,403,349,509,406,,,283,173,,1,1,1,1,-1,-1,1,1,-1
46,I,00297600,05,2,50,2016,3,N,00,A,00,428,290,461,319,,,300,228,,1,1,1,1,-1,-1,1,1,-1
46,I,00297600,05,2,51,2016,3,N,00,A,00,727,691,832,676,,,140,107,,1,1,1,1,-1,-1,1,1,-1
46,I,00297600,05,2,52,2016,3,N,00,A,00,1259,1032,1370,1049,,,386,279,,1,1,1,1,-1,-1,1,1,-1
46,I,00297600,05,2,54,2016,3,N,00,A,00,70,69,127,96,,,63,39,,1,1,1,1,-1,-1,1,1,-1
