agg_level_pseo,inst_level,institution,degree_level,cip_level,cipcode,grad_cohort,grad_cohort_years,geo_level,geography,ind_level,industry,y1_p25_earnings,y1_p50_earnings,y1_p75_earnings,y1_grads_earn,y5_p25_earnings,y5_p50_earnings,y5_p75_earnings,y5_grads_earn,y10_p25_earnings,y10_p50_earnings,y10_p75_earnings,y10_grads_earn,y1_ipeds_count,y5_ipeds_count,y10_ipeds_count,status_y1_earnings,status_y1_grads_earn,status_y5_earnings,status_y5_grads_earn,status_y10_earnings,status_y10_grads_earn,status_y1_ipeds_count,status_y5_ipeds_count,status_y10_ipeds_count
44,I,00297600,05,A,00,2016,3,N,00,A,00,27351,39268,52856,6590,40693,53972,72846,7406,,,,,9685,9685,,1,1,1,1,-1,-1,1,1,3
46,I,00297600,05,2,05,2016,3,N,00,A,00,25359,33209,41863,51,36063,45751,62075,64,,,,,84,84,,1,1,1,1,-1,-1,1,1,3
46,I,00297600,05,2,09,2016,3,N,00,A,00,23690,32934,42990,349,35472,48365,64946,405,,,,,523,523,,1,1,1,1,-1,-1,1,1,3
46,I,00297600,05,2,11,2016,3,N,00,A,00,40376,55499,73373,449,54151,76243,102784,450,,,,,517,517,,1,1,1,1,-1,-1,1,1,3
46,I,00297600,05,2,13,2016,3,N,00,A,00,41549,46998,50183,475,42579,51096,56395,458,,,,,563,563,,1,1,1,1,-1,-1,1,1,3
46,I,00297600,05,2,16,2016,3,N,00,A,00,27959,36387,43661,73,35355,48076,61703,99,,,,,149,149,,1,1,1,1,-1,-1,1,1,3
46,I,00297600,05,2,19,2016,3,N,00,A,00,24534,32797,42292,418,37181,48116,59490,449,,,,,582,582,,1,1,1,1,-1,-1,1,1,3
46,I,00297600,05,2,23,2016,3,N,00,A,00,23886,32797,45451,148,35198,45127,61147,178,,,,,254,254,,1,1,1,1,-1,-1,1,1,3
46,I,00297600,05,2,24,2016,3,N,00,A,00,23406,35666,51028,238,37542,50050,73823,275,,,,,395,395,,1,1,1,1,-1,-1,1,1,3
46,I,00297600,05,2,26,2016,3,N,00,A,00,25168,34479,44288,361,41753,54453,73075,392,,,,,547,547,,1,1,1,1,-1,-1,1,1,3
46,I,00297600,05,2,27,2016,3,N,00,A,00,29458,43820,50368,37,51929,65986,94389,46,,,,,51,51,,1,1,1,1,-1,-1,1,1,3
46,I,00297600,05,2,30,2016,3,N,00,A,00,24637,33563,41615,112,40439,52466,62719,137,,,,,196,196,,1,1,1,1,-1,-1,1,1,3
46,I,00297600,05,2,31,2016,3,N,00,A,00,22055,29611,38050,461,38246,49774,65649,564,,,,,700,700,,1,1,1,1,-1,-1,1,1,3
46,I,00297600,05,2,38,2016,3,N,00,A,00,,,,,,,,,,,,,54,54,,5,5,5,5,-1,-1,1,1,3
46,I,00297600,05,2,40,2016,3,N,00,A,00,27237,42146,54051,36,45075,56312,81295,50,,,,,58,58,,1,1,1,1,-1,-1,1,1,3
46,I,00297600,05,2,42,2016,3,N,00,A,00,23172,30292,39395,307,36853,46577,58547,376,,,,,534,534,,1,1,1,1,-1,-1,1,1,3
46,I,00297600,05,2,44,2016,3,N,00,A,00,25338,33162,43474,168,40896,52737,62265,209,,,,,254,254,,1,1,1,1,-1,-1,1,1,3
46,I,00297600,05,2,45,2016,3,N,00,A,00,23106,32348,43508,413,35709,48755,62818,528,,,,,688,688,,1,1,1,1,-1,-1,1,1,3
46,I,00297600,05,2,50,2016,3,N,00,A,00,22905,30765,39859,383,31870,44354,56642,473,,,,,698,698,,1,1,1,1,-1,-1,1,1,3
46,I,00297600,05,2,51,2016,3,N,00,A,00,56877,68425,80421,764,57961,75603,95644,786,,,,,931,931,,1,1,1,1,-1,-1,1,1,3
46,I,00297600,05,2,52,2016,3,N,00,A,00,31945,42794,55251,1238,46851,61820,81938,1331,,,,,1742,1742,,1,1,1,1,-1,-1,1,1,3
46,I,00297600,05,2,54,2016,3,N,00,A,00,22772,28569,42539,87,33034,43227,51223,108,,,,,165,165,,1,1,1,1,-1,-1,1,1,3
48,I,00297600,05,4,05.02,2016,3,N,00,A,00,25359,33209,41863,51,36063,45751,62075,64,,,,,84,84,,1,1,1,1,-1,-1,1,1,3
48,I,00297600,05,4,09.01,2016,3,N,00,A,00,23690,32934,42990,349,35472,48365,64946,405,,,,,523,523,,1,1,1,1,-1,-1,1,1,3
48,I,00297600,05,4,11.07,2016,3,N,00,A,00,44785,63134,79471,111,72057,97751,122253,130,,,,,148,148,,1,1,1,1,-1,-1,1,1,3
48,I,00297600,05,4,11.09,2016,3,N,00,A,00,38967,53107,70298,338,49764,70135,90619,320,,,,,369,369,,1,1,1,1,-1,-1,1,1,3
48,I,00297600,05,4,13.10,2016,3,N,00,A,00,40840,47008,50816,103,41154,49659,56225,108,,,,,143,143,,1,1,1,1,-1,-1,1,1,3
48,I,00297600,05,4,13.12,2016,3,N,00,A,00,43073,47353,50249,235,43588,50887,55728,216,,,,,259,259,,1,1,1,1,-1,-1,1,1,3
48,I,00297600,05,4,13.13,2016,3,N,00,A,00,37677,46288,49635,137,43271,52080,59055,134,,,,,161,161,,1,1,1,1,-1,-1,1,1,3
48,I,00297600,05,4,16.01,2016,3,N,00,A,00,,,,,,,,,,,,,3,3,,5,5,5,5,-1,-1,1,1,3
48,I,00297600,05,4,16.05,2016,3,N,00,A,00,,,,,,,,,,,,,11,11,,5,5,5,5,-1,-1,1,1,3
48,I,00297600,05,4,16.09,2016,3,N,00,A,00,29704,38438,48030,55,38623,49000,63082,71,,,,,102,102,,1,1,1,1,-1,-1,1,1,3
48,I,00297600,05,4,16.12,2016,3,N,00,A,00,,,,,,,,,,,,,33,33,,5,5,5,5,-1,-1,1,1,3
48,I,00297600,05,4,19.07,2016,3,N,00,A,00,24284,31446,39108,300,36066,46791,56588,329,,,,,418,418,,1,1,1,1,-1,-1,1,1,3
48,I,00297600,05,4,19.09,2016,3,N,00,A,00,25346,39310,50402,118,41297,54821,71980,120,,,,,164,164,,1,1,1,1,-1,-1,1,1,3
48,I,00297600,05,4,23.01,2016,3,N,00,A,00,23886,32797,45451,148,35198,45127,61147,178,,,,,254,254,,1,1,1,1,-1,-1,1,1,3
48,I,00297600,05,4,24.01,2016,3,N,00,A,00,23406,35666,51028,238,37542,50050,73823,275,,,,,395,395,,1,1,1,1,-1,-1,1,1,3
48,I,00297600,05,4,26.01,2016,3,N,00,A,00,25135,34421,44365,317,40178,53343,70457,337,,,,,457,457,,1,1,1,1,-1,-1,1,1,3
48,I,00297600,05,4,26.02,2016,3,N,00,A,00,25504,34840,43948,44,50245,65986,87351,55,,,,,90,90,,1,1,1,1,-1,-1,1,1,3
48,I,00297600,05,4,27.01,2016,3,N,00,A,00,29458,43820,50368,37,51929,65986,94389,46,,,,,51,51,,1,1,1,1,-1,-1,1,1,3
48,I,00297600,05,4,30.05,2016,3,N,00,A,00,,,,,,,,,,,,,17,17,,5,5,5,5,-1,-1,1,1,3
48,I,00297600,05,4,30.19,2016,3,N,00,A,00,25132,33861,42563,101,42934,54191,67922,127,,,,,179,179,,1,1,1,1,-1,-1,1,1,3
48,I,00297600,05,4,30.99,2016,3,N,00,A,00,,,,,,,,,,,,,0,0,,5,5,5,5,-1,-1,1,1,3
48,I,00297600,05,4,31.01,2016,3,N,00,A,00,22864,29704,37105,168,36575,46276,58043,193,,,,,210,210,,1,1,1,1,-1,-1,1,1,3
48,I,00297600,05,4,31.05,2016,3,N,00,A,00,21467,29545,38521,293,39208,52064,68828,371,,,,,490,490,,1,1,1,1,-1,-1,1,1,3
48,I,00297600,05,4,38.01,2016,3,N,00,A,00,,,,,,,,,,,,,23,23,,5,5,5,5,-1,-1,1,1,3
48,I,00297600,05,4,38.02,2016,3,N,00,A,00,,,,,,,,,,,,,31,31,,5,5,5,5,-1,-1,1,1,3
48,I,00297600,05,4,40.05,2016,3,N,00,A,00,,,,,42146,53485,77901,32,,,,,38,38,,5,5,1,1,-1,-1,1,1,3
48,I,00297600,05,4,40.08,2016,3,N,00,A,00,,,,,,,,,,,,,20,20,,5,5,5,5,-1,-1,1,1,3
48,I,00297600,05,4,42.01,2016,3,N,00,A,00,23172,30292,39395,307,36853,46577,58547,376,,,,,534,534,,1,1,1,1,-1,-1,1,1,3
48,I,00297600,05,4,44.07,2016,3,N,00,A,00,25338,33162,43474,168,40896,52737,62265,209,,,,,254,254,,1,1,1,1,-1,-1,1,1,3
48,I,00297600,05,4,45.02,2016,3,N,00,A,00,25287,36903,45244,39,33960,45751,58998,58,,,,,87,87,,1,1,1,1,-1,-1,1,1,3
48,I,00297600,05,4,45.06,2016,3,N,00,A,00,,,,,35757,49399,72585,32,,,,,45,45,,5,5,1,1,-1,-1,1,1,3
48,I,00297600,05,4,45.07,2016,3,N,00,A,00,21570,30926,43497,38,24637,52354,61545,38,,,,,60,60,,1,1,1,1,-1,-1,1,1,3
48,I,00297600,05,4,45.10,2016,3,N,00,A,00,24637,33485,45149,80,43722,57175,79576,107,,,,,130,130,,1,1,1,1,-1,-1,1,1,3
48,I,00297600,05,4,45.11,2016,3,N,00,A,00,22616,31219,41308,233,35016,45532,59795,293,,,,,366,366,,1,1,1,1,-1,-1,1,1,3
48,I,00297600,05,4,50.03,2016,3,N,00,A,00,19382,27670,39310,43,26921,41695,56272,47,,,,,72,72,,1,1,1,1,-1,-1,1,1,3
48,I,00297600,05,4,50.04,2016,3,N,00,A,00,31758,38967,49855,51,41093,50881,60144,61,,,,,79,79,,1,1,1,1,-1,-1,1,1,3
48,I,00297600,05,4,50.05,2016,3,N,00,A,00,21664,28414,37592,96,30304,43293,57769,110,,,,,137,137,,1,1,1,1,-1,-1,1,1,3
48,I,00297600,05,4,50.07,2016,3,N,00,A,00,23212,30560,38897,129,29483,41830,54151,159,,,,,256,256,,1,1,1,1,-1,-1,1,1,3
48,I,00297600,05,4,50.09,2016,3,N,00,A,00,21843,27732,37394,47,35298,45751,54919,74,,,,,134,134,,1,1,1,1,-1,-1,1,1,3
48,I,00297600,05,4,50.10,2016,3,N,00,A,00,,,,,,,,,,,,,20,20,,5,5,5,5,-1,-1,1,1,3
48,I,00297600,05,4,51.02,2016,3,N,00,A,00,,,,,43181,59211,73538,93,,,,,98,98,,5,5,1,1,-1,-1,1,1,3
48,I,00297600,05,4,51.22,2016,3,N,00,A,00,32469,42092,59402,139,43047,54857,71115,136,,,,,185,185,,1,1,1,1,-1,-1,1,1,3
48,I,00297600,05,4,51.38,2016,3,N,00,A,00,63057,71854,82839,600,67340,82973,101795,557,,,,,648,648,,1,1,1,1,-1,-1,1,1,3
48,I,00297600,05,4,52.02,2016,3,N,00,A,00,31979,42838,55831,766,45684,60883,82485,825,,,,,1035,1035,,1,1,1,1,-1,-1,1,1,3
48,I,00297600,05,4,52.03,2016,3,N,00,A,00,34067,47119,57867,126,51351,65653,82195,141,,,,,178,178,,1,1,1,1,-1,-1,1,1,3
48,I,00297600,05,4,52.06,2016,3,N,00,A,00,30437,39950,53814,53,47705,65353,87772,62,,,,,81,81,,1,1,1,1,-1,-1,1,1,3
48,I,00297600,05,4,52.07,2016,3,N,00,A,00,29996,36019,47802,39,39655,51929,66382,31,,,,,60,60,,1,1,1,1,-1,-1,1,1,3
48,I,00297600,05,4,52.08,2016,3,N,00,A,00,34840,45751,57619,156,55542,69335,87983,163,,,,,214,214,,1,1,1,1,-1,-1,1,1,3
48,I,00297600,05,4,52.09,2016,3,N,00,A,00,26082,35091,44624,61,40711,49308,60590,67,,,,,89,89,,1,1,1,1,-1,-1,1,1,3
48,I,00297600,05,4,52.11,2016,3,N,00,A,00,33372,41244,53696,37,47392,62818,82300,42,,,,,85,85,,1,1,1,1,-1,-1,1,1,3
48,I,00297600,05,4,54.01,2016,3,N,00,A,00,22772,28569,42539,87,33034,43227,51223,108,,,,,165,165,,1,1,1,1,-1,-1,1,1,3
